First Name,Last Name,StreetAddress,TelephoneNumber
Vaughn,Swinehart,548 Berkshire Circle,865-595-8912
Arden,Bolten,371 Raccoon Run,206-984-2747
Evan,Schwenk,298 Snowbird Lane,402-693-6053
Dominic,Coker,1405 Charles Street,734-441-1885
Marta,Fallis,2674 Sharon Lane,574-202-8848
Elease,Miraglia,3135 Providence Lane,626-930-5586
Ammie,Ross,4362 Bluff Street,301-768-3817
Clarita,Coulston,213 Murphy Court,952-232-1315
Dian,Vos,3090 Garrett Street,267-936-7725
Sara,Garrigan,2247 Frosty Lane,607-604-7440
Fredrick,Markert,665 Lilac Lane,912-608-0836
Catarina,Harbuck,1258 Hide A Way Road,408-278-5697
Sibyl,Guttierrez,1877 Melody Lane,804-357-6735
Mazie,Cantu,381 Oak Dr,518-658-5905
Cristi,Heideman,483 Gambler Lane,281-882-9207
Adan,Mess,4607 River Road,719-537-6760
Bess,Armijo,1895 Dog Hill Lane,785-787-7281
Ray,Garrick,4279 Half and Half Dr,561-206-8754
Fredda,Laguerre,1885 Timber Ridge Road,916-812-9735
Cedrick,Hoelscher,3906 Harter Street,937-591-3073
Elke,Bearden,4871 Hickory Street,801-771-2426
Latina,Bigger,3224 Karen Lane,503-218-2456
Chantell,Hershberger,4424 Burton Avenue,901-603-5213
Catherina,Delpozo,1702 Hart Ridge Road,989-293-0754
Dudley,Colone,3525 James Avenue,315-952-7891
Sherrell,Peaden,1413 Freed Dr,209-742-9308
Leslie,Steven,3731 Boone Crockett Lane,360-481-6284
Armand,Carrasco,2596 Southern Street,516-617-1492
Columbus,Emmons,234 Red Hawk Road,320-727-2775
Evelina,Hammonds,2216 Fincham Road,760-551-4260
Bradford,Shepperd,321 Green Avenue,510-863-8636
Guadalupe,Grays,969 Washington Street,361-403-2561
Ingrid,Waggoner,561 Larry Street,415-217-4501
Laquita,Wikoff,3630 Foley Street,954-651-2392
Oliver,Genna,4073 Ben Street,518-220-5925
Desmond,Hellyer,3434 Alpha Avenue,903-994-6406
Ricky,Mancuso,2611 Shingleton Road,269-377-2768
Son,Guilliams,24 Stockert Hollow Road,425-919-8752
Kam,Valtierra,4230 Ashmor Dr,218-231-2676
Kacie,Moscato,2756 Bee Street,231-882-6266
Karol,Neubert,839 Spirit Dr,386-774-1851
Jean,Suggs,1667 Jim Rosa Lane,415-747-0529
Necole,Beeks,739 Corpening Dr,248-393-3903
Kristian,Simonson,3748 Dennison Street,209-549-4756
Ernest,Pardee,4456 Sussex Court,254-577-8830
Sunshine,Carpino,1981 George Avenue,251-405-0513
Hermina,French,1314 Bee Street,231-805-8566
Karlene,Stickel,1171 Watson Street,609-691-1961
Melva,Plante,2295 Rocket Dr,612-807-4669
Twanda,Coffelt,1774 Diamond Street,828-536-7403
Lorelei,Cavaliere,843 Bates Brothers Road,614-319-8661
Vanna,Agosta,2036 Lindale Avenue,510-531-4369
Divina,Lovering,4633 Ella Street,650-234-2667
Bethany,Schapiro,3004 Berry Street,719-658-9895
Kortney,Fisk,3681 Hardesty Street,518-446-7857
Casimira,Terpstra,2878 Green Gate Lane,443-722-2705
Nikole,Daring,3033 Oak Lane,660-775-4303
Colette,Stahlman,1880 Junior Avenue,404-552-8064
Apryl,Bruhn,4384 Thrash Trail,903-648-1838
Jacob,Mirarchi,1970 Rosewood Lane,212-978-1025
Peter,Schacht,587 Trouser Leg Road,413-781-9130
Many,Printz,1491 Whitman Court,203-564-0842
Anitra,Eddy,4583 Duke Lane,732-750-9039
Sherlene,Saenger,1242 Hershell Hollow Road,423-943-5174
Tatiana,Kester,542 Haven Lane,517-697-4169
Salvador,Gerken,1250 Goldcliff Circle,202-623-5852
Elbert,Delillo,2489 Vernon Street,760-603-3019
Annalee,Betz,2112 Richison Dr,406-259-6981
Vannesa,Mckean,4055 New Street,541-347-3608
Alvera,Heiney,544 Parrill Court,219-507-0807
Celestine,Raske,1295 Reeves Street,920-764-5115
Pierre,Vachon,1992 Hannah Street,828-335-8555
Grover,Schack,3437 Jerry Dove Dr,843-512-9535
Porter,Siniard,4565 Chandler Hollow Road,412-434-5436
Charla,Voris,3206 Meadow Lane,707-307-4080
Long,Weibel,2962 Walnut Street,601-558-3583
Doreatha,Larson,3022 Jerry Dove Dr,843-484-0489
Shirley,Godbolt,1702 Freed Dr,209-743-9409
Danilo,March,6 Oak Dr,518-643-4919
Carly,Chabolla,3204 Parker Dr,216-617-0154
Wade,Red,3619 Holly Street,706-253-1057
Corrie,Desouza,2282 Spring Street,217-793-2646
Jeanetta,Edie,486 Stoney Lonesome Road,570-316-4668
Alexandra,Rabideau,1814 McDowell Street,931-409-7588
Malvina,Smtih,1419 Mulberry Lane,561-843-4198
Colton,Larkins,3968 Alpaca Way,714-706-7430
Ivonne,Tonkin,4242 Vesta Dr,773-730-6301
Lesia,Keister,3988 Lake Floyd Circle,301-979-3374
Holly,Brodt,3790 Kimberly Way,616-977-4741
Jin,Solberg,4231 Sussex Court,254-534-7026
Lesley,Earheart,274 Camden Place,843-972-0973
Ligia,Tinder,3523 Lost Creek Road,612-216-1109
Antonina,Dicken,631 Layman Avenue,910-850-7315
Shiela,Samples,1262 Highland View Dr,916-636-3653
Neda,Roselli,603 Corbin Branch Road,423-471-4574
Joie,Coop,3609 Sheila Lane,775-478-5097
Nina,Mcmullan,4093 Stockert Hollow Road,425-789-5979
Jacqueline,Waldow,4821 Waterview Lane,505-471-5891
Herbert,Mccubbin,3423 Morgan Street,850-459-6737
Milan,Guntrum,308 Whitetail Lane,469-374-2964
